date,general_cpi,food_cpi,cpi_mom_pct,food_cpi_mom_pct,cpi_yoy_pct
2020-01-15,123.47559392937367,136.54486712027503,,,
2020-02-15,125.41312223813601,142.32293810030149,0.015691589302016862,0.042316281101484776,
2020-03-15,126.60617104762157,145.8829078958952,0.009512950385049734,0.025013324226659917,
2020-04-15,126.38712625719947,142.82138469749867,-0.0017301272806024004,-0.02098616789693608,
2020-05-15,128.91791088457572,140.8015747506587,0.0200240697159777,-0.014142209523580918,
2020-06-15,128.67633644014916,139.93915414760752,-0.0018738625437613177,-0.006125077823727509,
2020-07-15,128.92022721288492,140.39263907479332,0.0018953816955240566,0.003240586453077121,
2020-08-15,129.5116665108248,142.83082382830435,0.004587637725484539,0.017366898788846674,
2020-09-15,130.77539860273006,145.98370689809963,0.009757669914622236,0.022074248298009858,
2020-10-15,129.60471782556252,146.09491790552735,-0.008951842545889321,0.000761804243711639,
2020-11-15,128.32876620165277,144.61417864497932,-0.009844947354671785,-0.010135460437477817,
2020-12-15,127.33368740439296,141.33314933042172,-0.007754136712388893,-0.022688157864605873,
2021-01-15,126.9114495393203,139.22676623019882,-0.0033159949552995505,-0.014903673414213725,0.02782619221019411
2021-02-15,127.37657361777117,139.7803800054451,0.0036649496963374606,0.003976345858172969,0.01565586873682112
2021-03-15,129.1500881701206,143.85495078675865,0.01392339660251296,0.029149804723344053,0.020093152659534708
2021-04-15,129.3579964273314,144.57343751799078,0.0016098189335878033,0.004994522102316656,0.02350611378002343
2021-05-15,128.74000532922452,141.2795484595219,-0.004777370670347669,-0.022783501001413242,-0.0013799909890759299
2021-06-15,128.47629596400816,140.20379793705683,-0.0020483870925900316,-0.007614340038560319,-0.0015546018924313953
2021-07-15,128.43822880932805,140.29020540930085,-0.0002962971059717878,0.0006162990840148375,-0.003738733742385869
2021-08-15,128.76422672993615,140.06467050913778,0.0025381689208130442,-0.0016076311208260696,-0.005771215837348298
2021-09-15,129.54091667025742,142.3810274886195,0.006031876710215878,0.01653776766876125,-0.009439710722830674
2021-10-15,130.37250659461583,143.0194691796109,0.006419515514740404,0.004484036266997782,0.005924080403359122
2021-11-15,129.66065655278896,139.1938194909124,-0.005460123920454474,-0.02674915317923643,0.010378735731342514
2021-12-15,129.7057705272615,138.31136793626413,0.00034793880944272715,-0.0063397323090619295,0.018628873248091482
2022-01-15,132.40200478575608,145.42646284605252,0.02078731152464708,0.05144258939776458,0.04326288342278106
2022-02-15,134.75045451891938,150.79933821037804,0.01773726717328339,0.03694565115025328,0.05789040081479646
2022-03-15,138.8780404558313,158.47997072219465,0.030631332203279404,0.05093279985818944,0.07532284664720268
2022-04-15,142.20278138678788,167.24756272080577,0.02394000462595791,0.05532302888912155,0.09929641239204123
2022-05-15,144.92668200943464,175.52663774853917,0.019155044620666306,0.049501917355615266,0.12573152097373486
2022-06-15,146.03060083734485,175.34164361766554,0.007617084808705821,-0.0010539376430069858,0.13663458104563064
2022-07-15,148.44115495064383,180.411880857278,0.016507184791932472,0.028916332338415618,0.15573966043249454
2022-08-15,149.20044870698158,180.93181142399013,0.00511511619934657,0.00288190868717475,0.15871040036536987
2022-09-15,152.40450200016446,189.63583612510484,0.021474823440212232,0.04810665759996158,0.17649701667702122
2022-10-15,156.53323739274313,199.77002791682438,0.027090639307848052,0.05344027794954265,0.2006614084629994
2022-11-15,157.80845344566993,202.3460845865841,0.008146615211996666,0.012895110926411268,0.21708818728232426
2022-12-15,157.763375748781,199.6443371122545,-0.00028564817603038417,-0.013352111457207494,0.21631732425985128
2023-01-15,159.7933127239802,205.03169852787775,0.012866972233350538,0.026984794527851186,0.2068798579186688
2023-02-15,162.72619193822396,214.67695274751077,0.018354204967950594,0.04704274650644602,0.2076114512502567
2023-03-15,165.6494613795941,223.96085972501993,0.017964344931514775,0.04324594167510987,0.19276928761302026
2023-04-15,167.5153426904508,228.79355939011742,0.011264034880143381,0.021578322529352212,0.17800327853513243
2023-05-15,165.36750307834262,220.1271267463403,-0.012821748608885075,-0.03787883132234471,0.1410424966989674
2023-06-15,166.02466884109833,221.2370926435001,0.003973971611849203,0.005042385795726245,0.13691697417600657
2023-07-15,166.07225372861382,221.53487358193564,0.00028661335600088655,0.0013459810688951634,0.11877500403329688
2023-08-15,167.50281074377003,225.47528056435186,0.008614063957329998,0.01778684736495384,0.1226696179227511
2023-09-15,173.5587605116841,245.83827359131104,0.03615431729786267,0.09031142117216473,0.13880337020160227
2023-10-15,174.03130827958137,245.82165010365597,0.002722696143393044,-6.761960785117704e-05,0.11178501881319569
2023-11-15,172.2560000074874,237.74032865712854,-0.01020108559571331,-0.03287473435769295,0.09155115740863295
2023-12-15,167.93567679581503,222.9240811804034,-0.02508082860094607,-0.06232113651232174,0.06447821618137906
2024-01-15,167.71951533310548,220.1038988000299,-0.0012871681993599227,-0.012650864659575434,0.04960284303521911
2024-02-15,170.75182941846788,228.20112768698132,0.018079673551047115,0.036788211981233276,0.04931988750336336
2024-03-15,172.5749880948635,229.49192300237706,0.01067724242021173,0.005656393237312596,0.04180832619430741
2024-04-15,175.03787913250756,232.37814483698733,0.014271425221192624,0.01257657261680789,0.04490655196854143
2024-05-15,175.0212205415329,230.562969461579,-9.517134838021857e-05,-0.0078112998822744695,0.05837735518457232
2024-06-15,174.39976724070925,228.1472813239237,-0.003550731156489517,-0.010477346571726276,0.05044490350784381
2024-07-15,174.15235730383534,224.82086913877106,-0.0014186368524932158,-0.01458010880449545,0.048654145372324376
2024-08-15,175.79548136254246,229.04457057116645,0.0094349802905076,0.018786963365879927,0.04950765054001249
2024-09-15,177.92630707649755,234.7133042694783,0.012121049400358075,0.024749478602246633,0.025164656350028514
2024-10-15,180.64180482948757,243.37360027167745,0.015261923869540617,0.03689733749500679,0.03798452482634018
2024-11-15,180.80922183173138,242.7068471266573,0.0009267899111273792,-0.002739628062681687,0.049654130038269795
2024-12-15,179.31969933164473,236.20753673999897,-0.008238089213573718,-0.026778438530276172,0.06778799331407703
2025-01-15,180.21178082694794,235.89028146355906,0.004974810345032665,-0.001343120887751903,0.07448307651635977
2025-02-15,181.4293348448627,238.50490877956497,0.006756239865827185,0.01108408239535641,0.06253230470654025
2025-03-15,183.8534678734584,244.2030843378823,0.013361306927948347,0.023891229691979987,0.06535408116264918
2025-04-15,186.01397133844065,250.6829232392211,0.011751224983524766,0.026534631693567068,0.06270695383382674
2025-05-15,187.0837909051328,251.84198215669954,0.005751286094234587,0.004623605399608266,0.06892061617601053
2025-06-15,186.66721778106253,248.013150724543,-0.0022266660412151307,-0.015203308834244256,0.0703409800049879
2025-07-15,186.9016617083733,239.29056487027248,0.0012559459025405229,-0.035169852198516316,0.07320776245534732
2025-08-15,188.28822107798865,241.36483703943617,0.007418657260409134,0.008668424391443219,0.07106405476761068
2025-09-15,190.87420932789888,244.4983738526193,0.013734200870903823,0.012982573814888987,0.07277115151855829
2025-10-15,193.39084002336142,247.23447532506611,0.013184760289637998,0.011190673497469161,0.07057632758877719
2025-11-15,193.7424209145163,246.21981830731704,0.0018179810952390074,-0.0041040272252281795,0.07152953235328385
2025-12-15,193.71328824754318,244.76650956186938,-0.00015036803419510303,-0.005902484842360334,0.08026775066847547
2026-01-15,196.32439118665604,248.45717923075662,0.013479214372615456,0.01507832781328422,0.08940930657125334
2026-02-15,198.17490768710144,249.4618750101839,0.009425810462267092,0.004043738170649291,0.09229804461642122
2026-03-15,200.7910616496666,254.22039270359434,0.013201237195456628,0.019075129990168582,0.09212550610068382
2026-04-15,210.26150460349692,265.1244810378514,0.04716566004493772,0.04289226453587691,0.13035329061890422
2026-05-15,211.26982477571596,267.4062242159079,0.004795552919306445,0.008606308889788084,0.12927915215726804
2026-06-15,212.1413047694809,266.7353284041449,0.004124961975474406,-0.002508901255870888,0.13646792024455157
2026-07-15,214.02749385775238,270.73271455750427,0.008891192077474352,0.014986339369724266,0.1451342481465152
